LocationID	NumSpecies	NumCoreSpecies	NumTransientSpecies	PredominantSpeciesType	NDVI	Elevation	Longitude	Latitude
2001	75	45	15	Core	0.738277446	172.3666667	-87.6	34.86
2006	63	38	18	Core	0.703928642	180.7285714	-86.68	34.5
2017	71	52	12	Core	0.815699268	149.9	-87	33.52
2019	71	50	13	Core	0.799953598	106.877193	-88.17	33.47
2021	62	35	13	Core	0.805781902	63.81818182	-87.83	32.27
2027	70	42	12	Core	0.771619379	118.6774194	-85.55	32.31
2029	71	50	10	Core	0.7657445	92.53448276	-85.06	32.14
2034	67	48	9	Core	0.80480125	109.2931034	-86.61	31.44
2043	60	47	8	Core	0.802562756	163.5849057	-87.1	33.11
2045	72	49	7	Core	0.80217484	247.328125	-87.76	34.13
2047	70	55	8	Core	0.793304276	88.17241379	-87.82	33.13
2050	70	41	16	Core	0.76203119	74.11538462	-86.71	32.32
2105	64	43	9	Core	0.79182131	258.2833333	-86.47	34.21
6014	86	62	14	Core	0.445505461	1813.636364	-112.43	34.64
6018	34	13	15	Transient	0.131184214	446.1636364	-114.21	33.65
6024	54	20	22	Transient	0.313627827	60.80701754	-114.39	32.83
6025	48	23	15	Core	0.245327353	106.1969697	-113.54	32.92
6032	102	55	26	Core	0.37562125	1451.35	-110.79	31.51
7004	80	47	22	Core	0.775822244	50.72222222	-92.69	33.59
7005	75	45	20	Core	0.761304001	93.09090909	-93.47	33.37
7015	61	29	23	Core	0.846760465	449.1754386	-94.04	34.97
7019	78	37	24	Core	0.732349357	91.25454545	-91.34	35.91
7020	72	46	12	Core	0.828096974	312.5737705	-92.71	35.63
7021	75	46	13	Core	0.779800753	239.5438596	-92.19	35.57
7109	54	23	20	Core	0.624194332	63.51724138	-91.7	34.7
14001	73	38	19	Core	0.714063971	522.3661972	-123	41.82
14014	81	53	14	Core	0.715391395	169	-123.58	38.8
14018	69	31	21	Core	0.487610042	2328.794521	-119.83	38.34
14021	54	23	19	Core	0.462464777	59.82089552	-120.86	37.59
14054	77	44	28	Core	0.387606453	300.1111111	-119.3	36.63
14071	80	58	11	Core	0.690251111	126.4615385	-122.86	38.04
14080	44	22	17	Core	0.556408429	60.57142857	-122.23	39.76
14097	73	45	21	Core	0.479332406	331.1038961	-122.38	40.51
14098	76	56	11	Core	0.538698139	286.7857143	-121.03	38.72
14108	72	53	8	Core	0.55838311	477.2622951	-121.69	36.45
14140	29	12	10	Core	0.244145698	602.9836066	-119.72	35.09
14153	75	44	16	Core	0.522742447	372.875	-120.92	38.76
14155	58	30	16	Core	0.530170305	13.85	-121.15	37.51
14159	53	29	18	Core	0.499592859	30.58823529	-121.6	39.49
14164	78	37	18	Core	0.707759261	692.5	-123.03	40.65
14166	59	34	14	Core	0.530614457	1249.851351	-121.89	41.99
14168	98	55	28	Core	0.48840872	1308.666667	-122.01	41.82
14186	72	47	16	Core	0.534349013	70.01960784	-122.71	38.54
14188	85	41	26	Core	0.629225781	1549.5	-120.44	38.76
14189	79	58	8	Core	0.486143313	202.0714286	-121.67	37.25
17004	64	33	20	Core	0.457563293	1710.5	-105.03	40.5
17009	87	39	33	Core	0.551410561	2055.125	-107.64	39.96
17011	84	41	28	Core	0.460559786	2250.509804	-105.27	39.22
17013	31	16	10	Core	0.362459295	1452.381818	-103.64	39.85
17037	41	19	14	Core	0.483467375	1195.672414	-102.71	40.26
17040	64	34	18	Core	0.61339764	3008.449275	-106.22	39.54
17044	45	16	20	Transient	0.41359125	1308.355556	-102.42	39.38
17052	75	37	27	Core	0.71757814	2660.870968	-108.02	37.79
17055	51	26	18	Core	0.423889459	2301.122449	-105.74	37.18
18003	77	41	20	Core	0.837358667	171.983871	-72.51	41.7
18009	90	52	25	Core	0.852066731	216.1454545	-73.5	41.53
21001	68	46	10	Core	0.688340366	17.32758621	-75.68	39.5
21002	66	40	13	Core	0.678810244	19.87272727	-75.58	39.75
21003	84	54	13	Core	0.614335422	5.819672131	-75.53	38.95
21004	68	46	10	Core	0.735303631	18.11290323	-75.46	39.02
25001	62	44	6	Core	0.73856	52.94230769	-87.4	30.92
25002	45	22	13	Core	0.406660886	8.772727273	-86.27	30.37
25003	59	35	12	Core	0.653856598	63.62295082	-86.48	30.51
25009	57	38	11	Core	0.60125588	5.795454545	-85.3	29.78
25014	53	39	10	Core	0.63655538	22.03921569	-82.39	29.19
25020	50	35	8	Core	0.702742088	39.02	-82.3	28.32
25022	46	30	8	Core	0.678290632	45.11666667	-81.86	28.17
25025	51	27	16	Core	0.64961695	5.75	-80.87	28.74
25027	46	26	11	Core	0.633669906	35.96078431	-82.14	27.66
25031	47	26	17	Core	0.657923796	10.36923077	-80.38	26.96
25037	56	34	11	Core	0.744654643	40.14814815	-82.16	30.25
25052	61	47	11	Core	0.73739593	58	-86.78	30.72
25066	47	28	7	Core	0.711040338	32.21153846	-82.17	28.64
25067	46	25	14	Core	0.688630915	18.49152542	-80.89	28.1
25073	45	33	5	Core	0.609799381	34.32786885	-81.45	27.76
25081	32	19	10	Core	0.642085277	11.65454545	-81.12	26.55
25086	40	25	7	Core	0.647759817	10.33333333	-81.76	26.94
25087	36	18	14	Core	0.612932981	5.26984127	-81.65	25.93
25129	41	31	3	Core	0.641279498	46.3125	-81.71	27.9
27010	67	42	9	Core	0.670230434	95.72222222	-84.71	31.74
27021	58	44	8	Core	0.689112853	60.38181818	-84.4	31.29
27027	76	53	10	Core	0.762809463	275.0322581	-84.78	34.05
27033	67	46	11	Core	0.684631089	134.5172414	-84.26	32.18
27046	68	46	17	Core	0.80015858	182.5438596	-83.81	33.1
27054	65	41	13	Core	0.680308694	50.09677419	-81.69	32.64
27057	65	41	12	Core	0.706479223	65.79245283	-83.8	30.66
33013	72	26	34	Transient	0.418645923	1937.310345	-114.17	44.61
33020	43	19	13	Core	0.400146366	1683.603175	-113.56	43.46
33021	48	24	13	Core	0.569844983	1353.52381	-112.73	43.11
33027	53	26	21	Core	0.475229611	1416.68254	-112.51	42.85
33128	57	23	23	Core	0.514432756	1866.45283	-111.71	42.96
33212	67	22	32	Transient	0.592318797	1766.016949	-115.49	44.96
33220	30	13	13	Core	0.319363947	1432.786885	-113.87	43.33
34002	72	46	14	Core	0.700053181	264.2	-89.33	42.15
34014	70	35	23	Core	0.631972153	216.1176471	-88.18	41.93
34022	80	45	23	Core	0.678364288	179.58	-90.98	40.65
34024	49	27	14	Core	0.699824	223.5254237	-90.5	40.86
34025	73	38	22	Core	0.695580909	201.6875	-89.66	40.6
34029	60	28	19	Core	0.696848276	220.5957447	-88.95	40.92
34030	66	25	25	Core	0.696548286	220.6666667	-88.55	40.07
34038	77	46	22	Core	0.704662237	178.3090909	-90.41	39.79
34041	65	36	21	Core	0.722290233	190.6181818	-89.26	39.48
34042	59	26	22	Core	0.709166218	193.3965517	-89.2	39.39
34044	67	30	21	Core	0.70685765	205.8548387	-88.1	39.89
34046	77	42	20	Core	0.689591471	183.1153846	-88.19	39.31
34049	78	50	14	Core	0.667936184	162.7818182	-90.25	38.38
34051	77	37	24	Core	0.679242105	153.9607843	-89.53	38.69
34052	79	49	16	Core	0.690772821	158.8490566	-89.66	38.66
34054	76	49	19	Core	0.690951554	123.4897959	-88.23	38.24
34055	71	47	13	Core	0.703801757	144.5636364	-88.97	38.44
34056	73	48	15	Core	0.662337059	128.6326531	-88.16	38.7
34059	76	58	14	Core	0.758551875	108.6666667	-89.23	37.23
34060	77	57	11	Core	0.773808325	157.6949153	-89.74	37.97
34061	77	54	15	Core	0.778291625	146.4833333	-88.94	37.31
34063	76	58	7	Core	0.738893286	113	-88.51	37.07
35005	75	53	17	Core	0.679240239	223.0689655	-86.28	41.02
35009	83	51	22	Core	0.701051757	317.5769231	-84.93	41.6
35010	74	43	19	Core	0.686632463	234.22	-87.36	40.67
35011	74	43	21	Core	0.696913672	215.5319149	-87.03	40.4
35013	80	57	14	Core	0.704402357	224.0208333	-86.18	40.58
35014	76	49	16	Core	0.6782705	270.1111111	-86.69	40.14
35034	74	48	13	Core	0.700648611	136.4181818	-87.39	38.09
35038	84	64	8	Core	0.806616474	250.0384615	-85.94	38.66
36001	85	46	27	Core	0.738705429	207.04	-91.67	40.76
36003	68	38	17	Core	0.708546663	293.2982456	-93.17	40.88
36006	67	39	17	Core	0.672314423	228.9836066	-90.29	41.97
36011	75	45	24	Core	0.696851109	257.3114754	-93.1	41.4
36013	70	34	23	Core	0.688821719	298.7045455	-94.14	41.65
36028	66	38	18	Core	0.628721661	340.6785714	-96.37	42.49
38010	63	31	22	Core	0.480832361	653.7843137	-99.27	37.16
38014	74	44	15	Core	0.685956125	343.8703704	-95.9	38.97
38015	74	41	21	Core	0.683212988	337.0588235	-95.85	38.53
38017	62	37	11	Core	0.646773487	357.5762712	-96.56	38.36
38026	74	44	15	Core	0.691227803	311.8510638	-95.56	39.08
38028	64	42	10	Core	0.610151458	402.6415094	-96.87	39.9
38029	72	48	15	Core	0.650228015	343.0612245	-96.02	39.76
38030	69	42	17	Core	0.602371688	456.2241379	-97.01	39.93
39001	83	59	13	Core	0.856390732	463.9642857	-83.7	36.6
39006	70	45	16	Core	0.708902051	192.754717	-86.63	36.99
39009	75	58	9	Core	0.855226987	270.9811321	-85.26	36.7
39010	76	59	11	Core	0.808384429	320.7254902	-84.99	36.61
39040	69	46	15	Core	0.756491141	254.5076923	-84.16	38.43
39044	73	49	12	Core	0.78139267	252.5967742	-83.92	38.2
42011	54	27	15	Core	0.655417687	10.06122449	-91.82	30.06
42015	57	24	17	Core	0.661626694	6.740740741	-93.34	30
42018	55	36	8	Core	0.672978804	21	-91.44	31.97
42034	40	21	8	Core	0.610050278	5.9	-92.45	30.08
42119	70	42	18	Core	0.778648784	65.75	-92.96	31.56
44006	83	49	18	Core	0.790643894	487.9571429	-70.95	44.92
44007	94	58	19	Core	0.809313478	286.484375	-70.96	44.62
44012	88	46	23	Core	0.788888894	112.9117647	-70.56	44.14
44013	90	59	16	Core	0.814780781	167.5820896	-70.29	44.33
44019	97	47	32	Core	0.783891848	111.4153846	-69.43	44.98
44031	90	47	29	Core	0.812759676	305.2372881	-70.19	45.23
44032	90	53	26	Core	0.784853698	377.9850746	-70.21	45.07
44033	89	55	24	Core	0.809636548	143.852459	-69.03	45.05
44035	86	42	30	Core	0.804175302	374.2058824	-69.92	45.86
44041	81	44	18	Core	0.743040626	136.6142857	-68.53	45.61
46003	93	54	19	Core	0.813160188	781.295082	-79.16	39.43
46005	74	52	10	Core	0.813222045	308.8852459	-78.81	39.61
46006	79	47	20	Core	0.664172056	159.0701754	-77.86	39.61
46011	81	55	16	Core	0.773737905	167	-77.09	39.15
46012	51	36	6	Core	0.726103916	120.1296296	-77	39.11
46013	77	50	14	Core	0.737004808	205.509434	-77.03	39.51
46014	73	44	13	Core	0.7104025	216.0847458	-77.02	39.64
46015	79	48	18	Core	0.748325608	244.1272727	-76.96	39.63
46016	74	46	18	Core	0.739916667	235.4705882	-76.81	39.55
46017	79	49	15	Core	0.753487973	258.1428571	-76.76	39.7
46022	68	46	13	Core	0.712699813	90.06666667	-76.84	39.01
46029	73	50	13	Core	0.771026981	57.97368421	-76.84	38.52
46030	73	48	11	Core	0.8280385	35.5483871	-77.07	38.6
46032	78	53	11	Core	0.754941704	90.27118644	-76	39.62
46033	74	50	11	Core	0.766665119	81.57142857	-75.94	39.51
46036	70	49	11	Core	0.701343268	10.39285714	-76.14	39.26
46037	74	52	11	Core	0.690245915	17.7	-76.18	39.09
46038	70	50	11	Core	0.672850476	12.63793103	-75.88	38.78
46040	72	46	15	Core	0.696582443	17.45762712	-76.07	38.78
46042	80	58	13	Core	0.710857878	2.396551724	-76.24	38.36
46043	77	56	11	Core	0.661790564	1.769230769	-76.21	38.52
46044	72	53	10	Core	0.700037841	11	-75.79	38.52
46046	68	45	12	Core	0.712694186	13.96721311	-75.78	38.44
46047	78	53	19	Core	0.728890592	5.431034483	-75.57	38.16
46048	72	51	11	Core	0.743455938	8.910714286	-75.26	38.22
46121	67	48	8	Core	0.731610216	35.46774194	-76.51	39.03
46123	78	58	9	Core	0.776129744	34.09090909	-76.66	38.98
47001	57	37	13	Core	0.751950273	22.03125	-70.16	41.75
47014	84	53	23	Core	0.82862975	203.0967742	-72.35	42.26
47018	88	55	18	Core	0.856302065	429.442623	-72.9	42.46
47019	95	58	23	Core	0.844759932	407.7962963	-72.84	42.37
47022	93	58	19	Core	0.850945563	360.4363636	-73.46	42.12
49012	96	58	26	Core	0.757285179	263.0847458	-87.44	45.64
49018	80	46	18	Core	0.787216959	237.9811321	-86.21	43.9
49021	86	55	15	Core	0.797515662	210.7307692	-86.12	42.51
49033	84	37	28	Core	0.712986136	231.122449	-85.88	43.06
49038	92	51	26	Core	0.746646889	300.5806452	-85.12	43.59
49055	83	53	23	Core	0.702358188	296.7037037	-84.8	42.1
49073	70	39	13	Core	0.671854861	217	-82.89	42.65
50003	70	30	30	Core	0.658961059	381.1551724	-93.49	43.81
50008	67	41	11	Core	0.649127124	288.3454545	-93.33	44.65
50015	86	47	24	Core	0.652271951	306.5333333	-93.88	45.6
50017	72	38	14	Core	0.65179435	327.442623	-94.19	45.16
50032	71	37	20	Core	0.79590135	464.0746269	-90.7	47.73
50033	72	39	17	Core	0.778131442	506.3424658	-91.53	47.7
50034	91	45	29	Core	0.770724511	463.34375	-91.8	47.06
50035	92	47	27	Core	0.747775921	386.9473684	-92.98	47.06
50037	74	41	11	Core	0.774546799	406.0833333	-93.61	47.34
50042	93	35	34	Core	0.751618243	424.6875	-95.11	47.79
50044	78	39	24	Core	0.650614688	320.8571429	-96.3	47.9
50048	61	26	13	Core	0.710525571	355.5208333	-94.55	48.26
51023	63	40	17	Core	0.676175993	66.43396226	-88.62	33.15
51030	56	40	8	Core	0.777075	32.05660377	-88.76	30.81
51113	65	47	10	Core	0.773478141	110.9830508	-89.39	33.55
52002	81	53	19	Core	0.765876397	133.44	-90.74	36.59
52007	80	41	24	Core	0.666900258	117.0363636	-89.52	37.3
52010	73	53	12	Core	0.795491875	358.8888889	-91.55	37.37
52011	68	47	7	Core	0.843645549	355.9166667	-91.42	37.9
52014	76	37	16	Core	0.765052898	318.0909091	-93.51	37.45
52016	71	35	14	Core	0.703815375	329.2321429	-94.11	37.14
52021	83	43	22	Core	0.760091316	240.7540984	-92.43	38.58
52027	84	45	20	Core	0.701622422	236.5744681	-92.18	39.45
52131	77	44	19	Core	0.693292375	296.9310345	-94.06	39.71
53002	90	46	27	Core	0.57705011	950.2272727	-114.46	48.1
53009	45	21	19	Core	0.391640577	768.7123288	-107.86	48.22
53014	74	19	30	Transient	0.440446648	963.5245902	-114.2	47.71
53026	74	29	27	Core	0.625627188	1240.15	-113.66	46.72
53027	76	34	24	Core	0.584993571	1591.645161	-112.49	46.62
53028	54	30	13	Core	0.42026462	1375.59375	-111.91	46.12
53036	78	43	23	Core	0.597412359	1853.333333	-113.95	45.85
53038	67	33	20	Core	0.438949813	1310.403509	-111.76	45.91
53040	85	51	24	Core	0.459322035	1252.936508	-109.54	45.72
54022	74	40	17	Core	0.685827449	409.7333333	-96.73	42.19
55011	46	15	22	Transient	0.246016786	1908.737705	-115.63	40.09
58001	82	51	20	Core	0.82479875	204.0298507	-71.86	42.9
58003	86	50	14	Core	0.813692679	213.1296296	-72.16	42.8
58004	89	51	25	Core	0.790723971	35.13207547	-70.91	43.23
58007	90	52	19	Core	0.797245513	154.4310345	-71.61	43.24
58008	87	53	22	Core	0.829052002	122.0882353	-71.19	43.24
58012	85	50	16	Core	0.822733777	222.625	-71.29	43.99
58013	82	53	13	Core	0.844914013	346.3076923	-72.38	43.02
58014	88	55	20	Core	0.835863841	309.3870968	-72.21	43.07
58018	85	59	6	Core	0.830358032	387.9230769	-71.7	44.17
58019	100	57	29	Core	0.77608224	354.3714286	-71.31	44.6
59020	69	42	17	Core	0.707120291	89.86885246	-75.09	40.65
59021	93	54	21	Core	0.8522885	321.0615385	-74.67	41.3
60010	83	44	29	Core	0.339711824	2164.981818	-105.67	35.57
60013	60	31	22	Core	0.263912463	2236.016393	-108.44	34.63
60017	55	22	24	Transient	0.318951757	1219.339286	-104.22	34.1
60019	65	17	32	Transient	0.248884602	2125	-108.18	33.92
60020	67	22	26	Transient	0.244205592	2032.553571	-107.32	33.74
60022	79	41	22	Core	0.353188837	1957.016129	-105.84	33.68
60023	43	21	11	Core	0.229368813	1187.610169	-104.82	33.08
60024	32	13	11	Core	0.315441419	1323.603774	-103.62	33.31
60027	49	26	15	Core	0.190623875	1305.745455	-106.72	32.38
60029	33	15	11	Core	0.217434408	1143.301887	-104.39	32.65
60031	49	20	20	Core	0.194037237	1340.777778	-108.99	31.92
60111	64	31	21	Core	0.287252805	1496.721311	-104.37	35.65
60112	51	19	23	Transient	0.282959487	1246.947368	-103.5	35.4
60201	68	33	26	Core	0.227137941	1822.5	-108.01	36.83
61009	78	47	20	Core	0.792257256	62.79661017	-73.98	41.75
61029	88	54	13	Core	0.806288333	457.3859649	-75.15	42.56
61030	85	45	24	Core	0.800616726	357.4642857	-75.93	42.34
61034	89	54	21	Core	0.80532398	386.2027027	-75.09	42.43
61038	79	47	22	Core	0.796747708	357.8392857	-76	42.35
61045	93	45	24	Core	0.830740263	590.125	-77.94	42.27
61047	76	51	14	Core	0.708670556	309.8979592	-77.11	42.89
61048	70	43	18	Core	0.677164756	283.2075472	-77.25	42.77
61049	95	53	25	Core	0.792602763	401.5454545	-77.22	42.66
61056	87	47	20	Core	0.828382389	547.7868852	-78.89	42.27
61057	80	41	24	Core	0.812218232	455.1355932	-78.36	42.59
61059	88	52	18	Core	0.822695068	492.6491228	-78.94	42.05
61064	72	35	22	Core	0.718632697	138.7894737	-78.85	43.06
61065	75	41	21	Core	0.737831266	95.43283582	-79	43.25
61089	83	49	21	Core	0.796467819	156.375	-73.3	43.21
61100	81	49	15	Core	0.821641919	512.3559322	-74.18	44.43
61111	75	47	19	Core	0.775934348	467.90625	-78.59	42.08
61121	83	51	22	Core	0.83584628	487.4516129	-74.98	42.07
61199	91	52	23	Core	0.825893393	444.2878788	-74.49	44.52
63002	69	53	9	Core	0.708513496	3.745454545	-76.67	34.95
63003	57	37	8	Core	0.61547419	4.244444444	-77.87	34.13
63004	66	45	14	Core	0.753647674	13.23333333	-78.07	34.53
63010	75	52	7	Core	0.716137591	25.1875	-77.44	35.96
63011	69	47	11	Core	0.696315878	28.67307692	-77.71	35.28
63024	77	62	9	Core	0.785683264	87.81666667	-77.97	36.25
63030	71	41	13	Core	0.839421929	982.4285714	-83.21	35.31
63119	66	45	12	Core	0.776403875	371.0344828	-81.64	35.82
64005	59	33	15	Core	0.607071279	576.2413793	-99.46	46.8
64009	80	38	25	Core	0.653959699	423.5666667	-98.24	47.48
64012	64	36	17	Core	0.611771818	511.32	-99.05	47.08
64038	60	36	13	Core	0.49829093	691.35	-103.05	48.58
64039	62	39	9	Core	0.5593675	703.5319149	-102.69	48.66
64042	63	44	13	Core	0.587336154	499.2982456	-100.05	47.64
64044	85	58	16	Core	0.712359794	664.2678571	-100.24	48.84
66002	64	33	15	Core	0.606725938	216.0222222	-84.12	41.38
66021	76	48	13	Core	0.806058781	260.2040816	-80.74	41.68
66042	68	43	13	Core	0.661851486	312.3818182	-82.76	40.46
66073	72	47	13	Core	0.825867256	226.8666667	-82.16	39.31
66075	80	49	16	Core	0.760637625	294.5087719	-82.53	39.96
66076	79	49	16	Core	0.86094925	260.0535714	-82.28	39.23
66082	73	47	14	Core	0.859894286	253.245283	-81.88	39.27
66107	69	38	21	Core	0.603692674	179.1551724	-83.45	41.54
67015	70	40	18	Core	0.710550076	232.2391304	-96.12	35.72
67022	72	43	15	Core	0.670051974	250.5192308	-94.69	36.92
67023	67	35	18	Core	0.689790606	246.2884615	-95.12	36.91
67034	37	17	11	Core	0.354413971	1349.891304	-102.78	36.58
69019	80	49	14	Core	0.755147344	279.6769231	-122.55	43.9
69026	85	44	21	Core	0.772719541	579.8493151	-123.21	42.97
69028	80	29	34	Transient	0.61771207	1284.050847	-121.8	42.37
69029	66	34	19	Core	0.526438036	1834.384615	-120.79	42.66
69033	69	34	15	Core	0.629089535	70.59649123	-123.26	44.72
69034	83	45	20	Core	0.685814186	246.1754386	-122.77	44.71
69057	79	48	19	Core	0.779120102	284.987013	-124.24	42.25
72002	90	52	24	Core	0.788345186	335.3584906	-80.49	41.63
72004	81	47	17	Core	0.800295658	330.8947368	-80.32	41.71
72006	85	49	22	Core	0.840329012	453.3442623	-79.34	41.53
72010	90	46	32	Core	0.852502838	518.7	-79.04	41.63
72016	83	44	21	Core	0.841757446	544.4677419	-78.85	41.56
72022	94	43	29	Core	0.812560988	560	-77.12	41.65
72025	88	41	25	Core	0.777974556	305.2878788	-77.29	41.07
72029	99	54	27	Core	0.851609679	397.4	-76.66	41.31
72031	97	54	25	Core	0.828620915	438.2142857	-76.02	41.74
72033	92	56	19	Core	0.823909565	407.265625	-76.06	41.95
72035	100	48	25	Core	0.786112143	320.8	-76.45	41.22
72047	74	46	12	Core	0.837633063	375.9821429	-80.34	40.16
72049	92	46	26	Core	0.808547813	370.9756098	-79.23	40.62
72050	88	55	16	Core	0.785697798	385.1147541	-79.55	40.84
72053	81	40	18	Core	0.796540698	388.7833333	-79.7	40.96
72054	89	52	15	Core	0.797538571	332.4754098	-79.23	40.66
72056	90	48	20	Core	0.806058393	369.1875	-79.36	40.8
72057	83	43	23	Core	0.825844875	570.9090909	-78.99	40.47
72060	94	53	26	Core	0.79549814	510	-78.06	40.91
72061	85	51	21	Core	0.778814103	411.6428571	-78.2	40.42
72062	89	57	18	Core	0.800427159	346.3387097	-78.33	40.44
72064	86	45	23	Core	0.782594419	337.9137931	-78.13	40.57
72072	83	46	22	Core	0.748165889	189.2419355	-77.39	40.56
72083	95	49	28	Core	0.79872901	274.6	-75.96	40.78
72084	62	39	15	Core	0.757766181	97.40350877	-75.46	40.16
72086	65	40	18	Core	0.752511218	181.9836066	-75.34	40.8
72088	81	60	8	Core	0.820462027	325.2333333	-80.05	39.93
72090	90	51	22	Core	0.815947885	747.0357143	-79.06	39.87
72091	82	49	13	Core	0.848727317	649.0517241	-78.95	39.78
72132	94	66	16	Core	0.856578095	508.3492063	-76.96	41.54
72151	76	44	17	Core	0.773076875	357.0892857	-79.57	40.37
72155	88	54	13	Core	0.843678851	660.3018868	-79.26	40.19
72165	92	56	21	Core	0.845088967	319.546875	-77.36	40.32
72194	72	39	19	Core	0.867372875	483.2363636	-77.49	39.74
80003	62	42	10	Core	0.789547039	12.03571429	-81.03	32.25
80005	67	47	14	Core	0.756475677	37.86363636	-80.46	33.32
81001	60	35	14	Core	0.627113429	441.6595745	-96.88	43.33
81003	53	35	11	Core	0.641192857	514.0508475	-97.47	43.94
81029	63	31	21	Core	0.584226524	1562.919355	-103.64	43.82
82006	70	45	15	Core	0.772143063	142.6603774	-89.07	35.36
82010	77	46	21	Core	0.796394695	129.3389831	-88.81	35.34
82016	78	58	12	Core	0.83540525	240.5087719	-87.32	35.87
82018	76	58	9	Core	0.837760449	244.8490566	-87.67	35.49
82020	71	40	17	Core	0.780124125	241.8333333	-86.66	36.5
82034	81	60	15	Core	0.828111118	363.2727273	-84.34	36.04
82042	81	46	23	Core	0.853243853	942.5576923	-82.07	36.31
82128	74	52	11	Core	0.860090813	234.0175439	-85.36	35.1
83009	66	37	20	Core	0.458449787	192.25	-99.26	27.97
83013	49	17	23	Transient	0.576890731	8.68852459	-96.5	28.52
83026	56	30	22	Core	0.611432691	117.1458333	-97.02	29.78
83033	61	41	12	Core	0.734781071	87.15	-94.93	30.71
83042	67	31	21	Core	0.542429375	508.0925926	-99.14	30.35
83044	64	41	12	Core	0.777236346	82.75925926	-94.81	31.2
83045	64	45	10	Core	0.791363278	121.3469388	-94.52	31.88
83064	55	24	15	Core	0.563627326	368.5166667	-98.04	32.16
83082	52	21	23	Transient	0.205827623	958.1774194	-103	29.19
83098	62	22	29	Transient	0.511520762	15.61538462	-97.7	26.53
83100	57	27	20	Core	0.363651585	1090.263158	-102.24	35.75
83140	69	35	17	Core	0.541715238	379.9365079	-98.05	30.24
85004	29	8	16	Transient	0.158902012	1403.66129	-114.02	40.45
85011	60	22	27	Transient	0.425010833	1501.8	-111.95	39.9
85021	78	23	34	Transient	0.215793804	1901.555556	-111.18	37.92
85024	72	26	30	Transient	0.358180655	1836.065574	-113.63	41.96
85025	36	16	15	Core	0.250379122	1494.98	-113.89	41.7
85109	16	4	6	Transient	0.148364318	1468.703125	-113.48	39.61
87005	82	52	14	Core	0.835194563	321.2037037	-72.58	43.47
87015	89	53	18	Core	0.828854167	350.25	-72.4	44.33
88004	76	47	17	Core	0.743689803	537.1964286	-79.16	38.19
88005	76	47	18	Core	0.790389423	333.1607143	-78.5	38.57
88007	72	48	15	Core	0.804384451	274.8448276	-78.56	38.81
88013	81	56	17	Core	0.840066641	531.8113208	-82.47	37.21
88014	69	39	13	Core	0.859001554	649.5185185	-81.94	37.01
88023	76	51	9	Core	0.82546061	237	-78.78	37.7
88028	72	54	12	Core	0.813622766	79.91666667	-77.62	37.21
88043	76	47	17	Core	0.714536722	21.83333333	-77.14	36.6
88044	77	50	15	Core	0.734116892	35.81481481	-77.28	36.59
89001	62	31	11	Core	0.82651972	62.71428571	-124.27	48.25
89002	72	46	15	Core	0.700212425	58.91666667	-123.38	48.11
89004	76	41	17	Core	0.830916197	185.7424242	-121.21	48.7
89009	59	32	11	Core	0.728580756	28.94	-124.29	47.34
89016	82	38	28	Core	0.492757988	739.5423729	-117.92	47.73
89030	96	48	35	Core	0.46868734	587.8243243	-119.27	48.72
89043	74	43	12	Core	0.810315942	732.3870968	-121.55	46.4
89111	76	46	15	Core	0.782213355	52.78688525	-121.98	47.74
90006	78	48	15	Core	0.867797093	721.3548387	-81.11	37.61
90016	75	61	7	Core	0.863421833	307.3650794	-81.02	38.71
90019	75	47	14	Core	0.762258155	212.0983607	-81.79	38.58
90026	74	64	6	Core	0.863246184	270.3921569	-80.79	38.82
90036	77	61	10	Core	0.853228264	280.7619048	-81.03	39.09
90048	74	53	10	Core	0.831212965	306.3606557	-78.5	39.18
91008	93	52	25	Core	0.77057372	525.890625	-89.6	46.17
91012	103	60	24	Core	0.748672578	354.9130435	-92.23	45.59
91014	94	48	26	Core	0.684942297	318.4821429	-91.47	45.31
91020	91	58	17	Core	0.803071105	477.2903226	-90.08	45.32
91022	95	60	20	Core	0.781031149	468.3333333	-89.63	45.31
91024	92	54	17	Core	0.763364766	505.2666667	-89.15	45.92
91026	97	61	22	Core	0.783870756	513.0166667	-88.77	45.46
91027	96	55	22	Core	0.818852217	426.9615385	-88.62	45.37
91028	84	58	18	Core	0.810964728	355.078125	-88.01	45.5
91029	98	62	20	Core	0.782339167	268.6603774	-87.87	45.44
91036	85	46	23	Core	0.747163145	372.1956522	-90.35	44.81
91039	71	36	23	Core	0.716917984	404.1914894	-90.06	44.69
91044	98	66	19	Core	0.742474079	270.2307692	-88.95	44.42
91045	94	62	14	Core	0.723377826	255.4848485	-88.17	44.87
91048	82	46	20	Core	0.629265972	204.9387755	-87.7	44.05
91049	97	44	30	Core	0.68156614	219.44	-87.64	44.58
91054	75	51	6	Core	0.761666597	323.4821429	-90.35	43.78
91055	85	54	20	Core	0.767373245	272.2166667	-89.86	43.44
91056	85	50	18	Core	0.722900364	257.6071429	-89.22	43.53
91062	69	42	11	Core	0.707224015	321.18	-88.33	43.65
91063	77	45	23	Core	0.629939718	221.74	-87.87	43.37
91068	78	44	17	Core	0.693575921	273.8181818	-88.7	42.91
91069	80	47	18	Core	0.707728598	250.0847458	-88.05	42.61
91070	68	41	16	Core	0.657243643	227.9811321	-87.98	42.8
92005	45	29	7	Core	0.418308542	1264.767123	-106.71	44.78
92019	80	31	30	Core	0.384043437	1738.863636	-106.12	42.86
92028	53	21	19	Core	0.490015526	1270.285714	-104.28	42.01
92030	70	40	20	Core	0.514508319	2077.857143	-110.73	44.88
92053	63	36	14	Core	0.440445268	2419.686275	-109.63	43.53
92063	60	27	26	Core	0.372364167	1520.246377	-106.87	43.88
92083	33	15	11	Core	0.265830638	1827.833333	-106.99	42.56
92087	78	39	21	Core	0.507164438	1918.561404	-105.29	42.21
92104	49	17	21	Transient	0.358767283	2183.71875	-106.38	41.68
92120	50	15	19	Transient	0.330541939	1524.885714	-105.81	42.83
